-- ----------------------------------
-- INSERTS
-- ----------------------------------
USE db_espectra;


INSERT INTO tb_tipo_usuario(tipo_usuario) VALUES ('Psicopedagogo'),('Responsável');


INSERT INTO tb_usuario (foto, nome, data_nascimento, telefone, email, senha, id_tipo_usuario) VALUES
(NULL, 'Gabriel Lacerda Correia', '2005-08-09', '(11) 92479-2057', 'gabriel@email.com', '123456@ABC', 1),
(NULL, 'Maria Cecília Pereira Jardim', '2008-03-21', '(11) 95324-6654', 'maria@email.com', '654321@CBA', 2);


INSERT INTO tb_serie_escolar (serie) VALUES
('MATERNAL'),
('JARDIM I'),
('JARDIM II'),
('1º ANO'),
('2º ANO'),
('3º ANO'),
('4º ANO'),
('5º ANO'),
('6º ANO'),
('7º ANO'),
('8º ANO'),
('9º ANO'),
('1º MÉDIO'),
('2º MÉDIO'),
('3º MÉDIO'),
('CONCLUIDO');


INSERT INTO tb_grau_suporte (grau) VALUES
('GRAU 1'),
('GRAU 2'),
('GRAU 3');


INSERT INTO tb_paciente (foto, nome, cpf, data_nascimento, idade, id_serie_escolar, id_grau_suporte, id_usuario) VALUES
(NULL, 'Lucas Andrade', '68212059812', '2015-04-10', timestampdiff(YEAR, data_nascimento, CURDATE()), 4, 1, 1),
(NULL, 'Beatriz Oliveira', '75287318898', '2013-09-22', timestampdiff(YEAR, data_nascimento, CURDATE()), 6, 2, 1),
(NULL, 'Pedro Santos', '71121093884', '2011-01-30', timestampdiff(YEAR, data_nascimento, CURDATE()), 8, 1, 1),
(NULL, 'Juliana Costa', '50773850848', '2016-07-15', timestampdiff(YEAR, data_nascimento, CURDATE()), 3, 2, 2),
(NULL, 'Rafael Mendes', '50805139850', '2010-12-05', timestampdiff(YEAR, data_nascimento, CURDATE()), 9, 3, 2);


INSERT INTO tb_sigla_transtorno (sigla, nome_completo_transtorno) VALUES
('TDAH', 'Transtorno do Déficit de Atenção com Hiperatividade'),
('TEA', 'Transtorno do Espectro Autista'),
('TAG', 'Transtorno de Ansiedade Generalizada'),
('TAB', 'Transtorno Afetivo Bipolar'),
('TOC', 'Transtorno Obsessivo-Compulsivo'),
('TEPT', 'Transtorno de Estresse Pós-Traumático'),
('TPL', 'Transtorno de Personalidade Borderline'),
('TOD', 'Transtorno Opositor Desafiador'),
('TDC', 'Transtorno Dismórfico Corporal'),
('TCA', 'Transtorno de Compulsão Alimentar'),
('TDA', 'Transtorno do Déficit de Atenção'),
('TPAS', 'Transtorno da Personalidade Antissocial'),
('TPN', 'Transtorno de Personalidade Narcisista'),
('TPE', 'Transtorno de Personalidade Esquizoide'),
('TP Esquizo', 'Transtorno de Personalidade Esquizotípica'),
('TPE-Evit', 'Transtorno de Personalidade Evitativa'),
('TPD', 'Transtorno de Personalidade Dependente'),
('TP Histri', 'Transtorno de Personalidade Histriônica'),
('T Pânico', 'Transtorno de Pânico'),
('TAS', 'Transtorno de Ansiedade Social'),
('Fob. Esp.', 'Fobia Específica'),
('Agorafob', 'Agorafobia'),
('T. Depr. M', 'Transtorno Depressivo Maior'),
('Distimia', 'Transtorno Depressivo Persistente'),
('T. Somat', 'Transtorno de Sintomas Somáticos'),
('T. Convers', 'Transtorno Conversivo'),
('T. Factíc', 'Transtorno Factício'),
('Anorexia', 'Anorexia Nervosa'),
('Bulimia', 'Bulimia Nervosa'),
('Insônia', 'Transtorno de Insônia'),
('Hipersônia', 'Transtorno de Hipersônia'),
('Narcolep', 'Narcolepsia'),
('Apneia', 'Apneia Obstrutiva do Sono'),
('Dislexia', 'Transtorno Específico de Aprendizagem com prejuízo na leitura'),
('Discalc', 'Transtorno Específico de Aprendizagem com prejuízo na matemática'),
('Tiques', 'Transtorno de Tiques'),
('Tourette', 'Transtorno de Tourette'),
('Esquizof', 'Esquizofrenia'),
('T. Esquizoa', 'Transtorno Esquizoafetivo'),
('T. Delir', 'Transtorno Delirante');


INSERT INTO tb_paciente_transtorno (id_paciente, id_sigla_transtorno) VALUES
-- Paciente 1 com TDAH e TEA
(1, 1), 
(1, 2),

-- Paciente 2 com TAG e TOC
(2, 3),
(2, 5);


INSERT INTO tb_resposta_formulario (alternativa) VALUES
('Sim'),
('Não'),
('Sim com mediação');


INSERT INTO tb_faixa_idade (idade_min, idade_max) VALUES
(0, 1),
(1, 2),
(2, 3),
(3, 4),
(4, 5),
(5, 6);


INSERT INTO tb_habilidade (nome) VALUES
('Socialização'),
('Linguagem'),
('Cognição'),
('Auto-Cuidados'),
('Desenvolvimento motor');

INSERT INTO tb_paciente_habilidade (idade_meses, id_paciente, id_habilidade) VALUES
(0.0, 1, 1),
(0.0, 1, 2),
(0.0, 1, 3),
(0.0, 1, 4),
(0.0, 1, 5),
(0.0, 2, 1),
(0.0, 2, 2),
(0.0, 2, 3),
(0.0, 2, 4),
(0.0, 2, 5),
(0.0, 3, 1),
(0.0, 3, 2),
(0.0, 3, 3),
(0.0, 3, 4),
(0.0, 3, 5),
(0.0, 4, 1),
(0.0, 4, 2),
(0.0, 4, 3),
(0.0, 4, 4),
(0.0, 4, 5),
(0.0, 5, 1),
(0.0, 5, 2),
(0.0, 5, 3),
(0.0, 5, 4),
(0.0, 5, 5);


INSERT INTO tb_atividade_personalizada (comportamento, valor_meses, id_usuario, id_habilidade) VALUES
('Estende a mão em direção a um objeto oferecido', 1, 1, 1),
('Segue com o olhar um objeto em movimento', 1, 1, 1),
('Responde ao ser chamado pelo nome', 1, 1, 1),
('Imita gestos simples como bater palmas', 1, 1, 1),
('Segura objetos pequenos com as mãos', 2, 1, 1);


INSERT INTO tb_atividade_portage (numero_questao, comportamento, valor_atividade, id_faixa_idade, id_habilidade) VALUES
(1, 'Observa uma pessoa movimentando-se em seu campo visual.', 0.0357, 1, 1),
(2, 'Sorri em resposta à atenção do adulto.', 0.0357, 1, 1),
(3, 'Vocaliza em resposta à atenção.', 0.0357, 1, 1),
(4, 'Olha para sua própria mão, sorrindo ou vocalizando.', 0.0357, 1, 1),
(5, 'Responde a seu círculo familiar, sorrindo, vocalizando ou parando de chorar.', 0.0357, 1, 1),
(6, 'Sorri em resposta à expressão facial dos outros.', 0.0357, 1, 1),
(7, 'Sorri e vocaliza ao ver sua imagem no espelho', 0.0357, 1, 1),
(8, 'Acaricia ou toca no rosto de adultos (puxa cabelo, nariz, óculos, etc.).', 0.0357, 1, 1),
(9, 'Estende a mão em direção a um objeto oferecido.', 0.0357, 1, 1),
(10, 'Estende os braços em direção a pessoas familiares.', 0.0357, 1, 1),
(11, 'Estende a mão e toca sua imagem refletida no espelho.', 0.0357, 1, 1),
(12, 'Segura e examina por 1 minuto um objeto que lhe foi dado.', 0.0357, 1, 1),
(13, 'Sacode ou aperta um objeto colocado em sua mão, produzindo sons involuntários.', 0.0357, 1, 1),
(14, 'Brinca sozinho por 10 minutos.', 0.0357, 1, 1),
(15, 'Procura contato visual quando alguém lhe dá atenção por 2 a 3 minutos.', 0.0357, 1, 1),
(16, 'Brinca sozinho sem reclamar por 15 a 20 minutos, próximo de um adulto.', 0.0357, 1, 1),
(17, 'Vocaliza para obter atenção.', 0.0357, 1, 1),
(18, 'Imita adulto em brincadeiras de esconde-esconde.', 0.0357, 1, 1),
(19, 'Bate palmas, imitando um adulto.', 0.0357, 1, 1),
(20, 'Acena a mão, imitando um adulto.', 0.0357, 1, 1),
(21, 'Ergue os braços para expressar "grande", imitando um adulto.', 0.0357, 1, 1),
(22, 'Oferece algo, mas nem sempre entrega.', 0.0357, 1, 1),
(23, 'Abraça, acaricia e beija familiares.', 0.0357, 1, 1),
(24, 'Responde ao próprio nome, olhando ou estendendo o braço para ser pego.', 0.0357, 1, 1),
(25, 'Aperta ou sacode um brinquedo para produzir sons, em imitação.', 0.0357, 1, 1),
(26, 'Manipula brinquedo ou objeto.', 0.0357, 1, 1),
(27, 'Estende um brinquedo ou objeto a um adulto e o entrega.', 0.0357, 1, 1),
(28, 'Imita movimentos de outras crianças ao brincar.', 0.0357, 1, 1),
(29, 'Imita um adulto em uma tarefa simples.', 0.0667, 2, 1),
(30, 'Brinca ao lado de outra criança, cada uma realizando tarefas diferentes.', 0.0667, 2, 1),
(31, 'Toma parte em uma brincadeira com outra criança por 2 a 5 minutos.', 0.0667, 2, 1),
(32, 'Aceita a ausência dos pais, embora possa reclamar.', 0.0667, 2, 1),
(33, 'Explora ativamente seu meio ambiente.', 0.0667, 2, 1),
(34, 'Realiza atividade manipulativa com outra pessoa.', 0.0667, 2, 1),
(35, 'Abraça e carrega uma boneca ou brinquedo macio.', 0.0667, 2, 1),
(36, 'Repete ações que produzem risos e atenção.', 0.0667, 2, 1),
(37, 'Dá um livro para que um adulto o leia ou para que ambos o compartilhem.', 0.0667, 2, 1),
(38, 'Puxa uma pessoa a mostrar-lhe algo.', 0.0667, 2, 1),
(39, 'Retira a mão ou diz "não" quando está próximo de um objeto não permitido e alguém o lembra disto.', 0.0667, 2, 1),
(40, 'Quando colocado em sua cadeira ou trocador espera ser atendido.', 0.0667, 2, 1),
(41, 'Brinca com 2 ou 3 crianças da sua idade.', 0.0667, 2, 1),
(42, 'Compartilha um objeto ou alimento com outra criança.', 0.0667, 2, 1),
(43, 'Cumprimenta colegas ou adultos quando lembrado.', 0.0667, 2, 1),
(44, 'Obedece às ordens dos pais pelo menos 1/2 das vezes.', 0.1250, 3, 1),
(45, 'Busca / leva um objeto ou pessoa, quando solicitado.', 0.1250, 3, 1),
(46, 'Presta atenção à estória ou música por 5 a 10 min.', 0.1250, 3, 1),
(47, 'Diz "Por favor" ou "Obrigado" quando lembrado.', 0.1250, 3, 1),
(48, 'Tenta ajudar os pais a executarem tarefas realizando parte da mesma.', 0.1250, 3, 1),
(49, 'Brinca de usar roupas de adultos.', 0.1250, 3, 1),
(50, 'Faz uma escolha quando indagado.', 0.1250, 3, 1),
(51, 'Demonstra entender sentimentos, expressando-os.', 0.1250, 3, 1),
(52, 'Canta e dança ao ouvir músicas.', 0.0833, 4, 1),
(53, 'Segue regras de um jogo imitando ações de outras crianças.', 0.0833, 4, 1),
(54, 'Cumprimenta pessoas familiares sem ser lembrado.', 0.0833, 4, 1),
(55, 'Seguem regras em jogos de grupos dirigidos por adultos.', 0.0833, 4, 1),
(56, 'Pede permissão para brincar com um brinquedo que está sendo usado por outra criança.', 0.0833, 4, 1),
(57, 'Diz "Por favor" e "Obrigado" sem ser lembrado 1/2 das vezes.', 0.0833, 4, 1),
(58, 'Atende ao telefone, chamando um adulto e falando com pessoas familiares.', 0.0833, 4, 1),
(59, 'Espera a sua vez.', 0.0833, 4, 1),
(60, 'Segue regras em jogos dirigidos por uma criança mais velha.', 0.0833, 4, 1),
(61, 'Obedece às ordens de um adulto 75% das vezes.', 0.0833, 4, 1),
(62, 'Permanece em seu próprio quintal ou jardim.', 0.0833, 4, 1),
(63, 'Brinca perto de outras crianças conversando com elas enquanto trabalha em um projeto próprio (30 min.).', 0.0833, 4, 1),
(64, 'Pede ajuda quando está tendo dificuldades.', 0.1111, 5, 1),
(65, 'Contribui para a conversa de adultos.', 0.1111, 5, 1),
(66, 'Repete rimas, canções ou dança para os outros.', 0.1111, 5, 1),
(67, 'Faz uma tarefa sozinha por 20 a 30 minutos.', 0.1111, 5, 1),
(68, 'Pede desculpas sem ser lembrado 75% das vezes.', 0.1111, 5, 1),
(69, 'Espera sua vez em brincadeiras que envolvam de 8 a 9 crianças.', 0.1111, 5, 1),
(70, 'Brinca com 2 a 3 crianças por 20 min. em uma atividade que envolva cooperação.', 0.1111, 5, 1),
(71, 'Quando em público, apresenta um comportamento socialmente aceitável.', 0.1111, 5, 1),
(72, 'Pede permissão para usar objetos dos outros em 75% das vezes.', 0.1111, 5, 1),
(73, 'Manifesta seus sentimentos.', 0.0909, 6, 1),
(74, 'Brinca com 4 a 5 crianças em atividade de cooperação por 20 minutos, sem supervisão.', 0.0909, 6, 1),
(75, 'Explica aos outros as regras do jogo ou atividade.', 0.0909, 6, 1),
(76, 'Imita papéis de adulto.', 0.0909, 6, 1),
(77, 'Colabora para a conversa durante as refeições.', 0.0909, 6, 1),
(78, 'Segue regras de jogo que envolva raciocínio verbal.', 0.0909, 6, 1),
(79, 'Conforta colegas quando estes estão tristes.', 0.0909, 6, 1),
(80, 'Escolhe seus próprios amigos.', 0.0909, 6, 1),
(81, 'Planeja e constrói, usando ferramentas simples.', 0.0909, 6, 1),
(82, 'Estabelece metas para si próprio e executa atividade para atingi-las.', 0.0909, 6, 1),
(83, 'Dramatiza trechos de histórias, desempenhando um papel ou utilizando fantoches.', 0.0909, 6, 1),
(1, 'Repete sons emitidos por outras pessoas.', 0.100, 1, 2),
(2, 'Repete a mesma sílaba 2 a 3 vezes.', 0.100, 1, 2),
(3, 'Responde a gestos com gestos.', 0.100, 1, 2),
(4, 'Obedece a uma ordem simples, quando acompanhada de gestos indicativos.', 0.100, 1, 2),
(5, 'Interrompe a atividade quando lhe dizem "Não" 75% das vezes.', 0.100, 1, 2),
(6, 'Responde a perguntas simples com respostas não verbais.', 0.100, 1, 2),
(7, 'Combina 2 sílabas diferentes quando tenta verbalizar.', 0.100, 1, 2),
(8, 'Imita padrões de entonação da voz de outras pessoas.', 0.100, 1, 2),
(9, 'Usa uma palavra funcionalmente para indicar objetos ou pessoas.', 0.100, 1, 2),
(10, 'Vocaliza em resposta à fala de outras pessoas.', 0.100, 1, 2),
(11, 'Diz 5 palavras diferentes.', 0.0556, 2, 2),
(12, 'Pede "mais".', 0.0556, 2, 2),
(13, 'Diz "acabou".', 0.0556, 2, 2),
(14, 'Obedece a 3 ordens diferentes que não são acompanhadas de gestos indicativos.', 0.0556, 2, 2),
(15, 'Consegue "dar" ou "mostrar" quando solicitado.', 0.0556, 2, 2),
(16, 'Aponta para 12 objetos quando nomeados.', 0.0556, 2, 2),
(17, 'Aponta para 3 a 5 figuras em um livro.', 0.0556, 2, 2),
(18, 'Aponta para 3 partes de seu próprio corpo.', 0.0556, 2, 2),
(19, 'Diz seu nome ou apelido quando solicitado.', 0.0556, 2, 2),
(20, 'Responde à pergunta "O que é isto?"', 0.0556, 2, 2),
(21, 'Combina palavras e gestos para expressar desejos.', 0.0556, 2, 2),
(22, 'Nomeia 5 membros da família, incluindo animais.', 0.0556, 2, 2),
(23, 'Nomeia 4 brinquedos.', 0.0556, 2, 2),
(24, 'Produz sons de animais, ou os nomeia pelo som.', 0.0556, 2, 2),
(25, 'Pede alimentos conhecidos pelo nome, quando mostrados.', 0.0556, 2, 2),
(26, 'Faz perguntas variando a entonação da voz.', 0.0556, 2, 2),
(27, 'Nomeia 3 partes do corpo em uma boneca ou outra pessoa.', 0.0556, 2, 2),
(28, 'Responde a perguntas de sim / não.', 0.0556, 2, 2),
(29, 'Combina substantivos ou adjetivos e substantivos em frases de 2 palavras.', 0.0333, 3, 2),
(30, 'Combina substantivo e verbo em frases de 2 palavras', 0.0333, 3, 2),
(31, 'Usa uma palavra para indicar que quer ir ao banheiro', 0.0333, 3, 2),
(32, 'Combina verbo ou substantivo com "lá" e "aqui" em frases de 2 palavras.', 0.0333, 3, 2),
(33, 'Combina 2 palavras para expressar posse.', 0.0333, 3, 2),
(34, 'Emprega "não" na fala.', 0.0333, 3, 2),
(35, 'Responde à pergunta "O que .... está fazendo?" para atividade habituais.', 0.0333, 3, 2),
(36, 'Responde a perguntas tipo "Onde está objeto?"', 0.0333, 3, 2),
(37, 'Nomeia sons ambientais familiares.', 0.0333, 3, 2),
(38, 'Dá mais de um objeto quando se usa a forma plural na solicitação.', 0.0333, 3, 2),
(39, 'Ao falar, refere-se a si próprio pelo nome.', 0.0333, 3, 2),
(40, 'Aponta para figuras de objetos comuns descritos pelo uso (até 10).', 0.0333, 3, 2),
(41, 'Mostra a idade pelos dedos.', 0.0333, 3, 2),
(42, 'Diz seu sexo quando solicitado.', 0.0333, 3, 2),
(43, 'Obedece à seqüência de duas ordens relacionadas.', 0.0333, 3, 2),
(44, 'Usa a forma do verbo no gerúndio.', 0.0333, 3, 2),
(45, 'Emprega formas regulares no plural.', 0.0333, 3, 2),
(46, 'Emprega algumas formas irregulares de verbos no passado de forma sistemática.', 0.0333, 3, 2),
(47, 'Faz perguntas do tipo "O que é isso?"', 0.0333, 3, 2),
(48, 'Controla o volume da voz 90% das vezes.', 0.0333, 3, 2),
(49, 'Usa "este / esta" e "aquele / aquela" na fala.', 0.0333, 3, 2),
(50, 'Emprega "é" e "está" em frases simples.', 0.0333, 3, 2),
(51, 'Diz "eu", "mim", "meu" ao invés do próprio nome.', 0.0333, 3, 2),
(52, 'Aponta objetos e diz que eles não são outras coisas.', 0.0333, 3, 2),
(53, 'Responde à pergunta "Quem?" dando um nome.', 0.0333, 3, 2),
(54, 'Emprega as formas possessivas dos substantivos.', 0.0333, 3, 2),
(55, 'Usa artigos ao falar.', 0.0333, 3, 2),
(56, 'Usa substantivos que indicam grupo ou categoria.', 0.0333, 3, 2),
(57, 'Usa os verbos "ser", "estar" e "ter" no presente com poucos erros.', 0.0333, 3, 2),
(58, 'Diz se os objetos estão abertos ou fechados.', 0.0333, 3, 2),
(59, 'Expressa diminutivos e aumentativos quando fala.', 0.0833, 4, 2),
(60, 'Presta atenção por 5 minutos a uma estória lida.', 0.0833, 4, 2),
(61, 'Obedece à sequência de 2 ordens não relacionadas.', 0.0833, 4, 2),
(62, 'Diz seu nome completo quando solicitado.', 0.0833, 4, 2),
(63, 'Responde perguntas simples envolvendo "Como".', 0.0833, 4, 2),
(64, 'Emprega verbos regulares, no passado.', 0.0833, 4, 2),
(65, 'Relata experiências imediatas.', 0.0833, 4, 2),
(66, 'Diz como são usados objetos comuns.', 0.0833, 4, 2),
(67, 'Expressa ações futuras empregando os verbos "ir", "ter" e "querer".', 0.0833, 4, 2),
(68, 'Utiliza adequadamente masculino e feminino na fala.', 0.0833, 4, 2),
(69, 'Usa formas imperativas de verbos ao pedir favores.', 0.0833, 4, 2),
(70, 'Conta 2 fatos na ordem de ocorrência.', 0.0833, 4, 2),
(71, 'Obedece a uma sequência envolvendo 3 ordens.', 0.0667, 5, 2),
(72, 'Demonstra compreensão de verbos reflexivos, usando-os ocasionalmente.', 0.0667, 5, 2),
(73, 'Consegue identificar objetos/figuras que formem par, sob solicitação.', 0.0667, 5, 2),
(74, 'Emprega o futuro ao falar.', 0.0667, 5, 2),
(75, 'Usa orações compostas por coordenação.', 0.0667, 5, 2),
(76, 'Consegue identificar a parte de cima e de baixo de objetos, quando solicitado.', 0.0667, 5, 2),
(77, 'Emprega ocasionalmente o condicional ao falar (poderia, pudesse, iria).', 0.0667, 5, 2),
(78, 'Consegue identificar absurdos em figuras.', 0.0667, 5, 2),
(79, 'Emprega as seguintes palavras: irmã(o), avó, avô.', 0.0667, 5, 2),
(80, 'Completa frases com antônimos.', 0.0667, 5, 2),
(81, 'Relata uma estória conhecida sem ajuda de figuras.', 0.0667, 5, 2),
(82, 'Em uma figura, nomeia o objeto que não pertence a uma categoria.', 0.0667, 5, 2),
(83, 'Diz se duas palavras rimam ou não.', 0.0667, 5, 2),
(84, 'Usa frases complexas, compostas por subordinação.', 0.0667, 5, 2),
(85, 'Diz se um som é forte ou fraco.', 0.0667, 5, 2),
(86, 'Consegue indicar alguns, muitos e vários elementos.', 0.0714, 6, 2),
(87, 'Diz seu endereço.', 0.0714, 6, 2),
(88, 'Diz o número de seu telefone.', 0.0714, 6, 2),
(89, 'Aponta para o conjunto que tem mais, menos ou poucos elementos.', 0.0714, 6, 2),
(90, 'Conta piadas simples.', 0.0714, 6, 2),
(91, 'Relata experiências diárias.', 0.0714, 6, 2),
(92, 'Descreve um local ou movimento: através ou entre, longe de, para, por cima.', 0.0714, 6, 2),
(93, 'Responde à pergunta "Porque" com uma explicação.', 0.0714, 6, 2),
(94, 'Ordena e conta uma estória de 2 a 5 episódios na sequência correta.', 0.0714, 6, 2),
(95, 'Define palavras.', 0.0714, 6, 2),
(96, 'Responde adequadamente a pergunta "Qual o contrário de ...".', 0.0714, 6, 2),
(97, 'Responde a pergunta "O que acontece se...".', 0.0714, 6, 2),
(98, 'Usa "ontem" e "amanhã", corretamente.', 0.0714, 6, 2),
(99, 'Pergunta o significado de palavras novas ou desconhecidas.', 0.0714, 6, 2),
(1, 'Remove um pano do rosto que obscureça sua visão.', 0.071, 1, 3),
(2, 'Procura com o olhar um objeto que foi tirado de seu campo visual.', 0.071, 1, 3),
(3, 'Remove um objeto de um recipiente colocando a mão dentro do mesmo.', 0.071, 1, 3),
(4, 'Coloca um objeto em um recipiente imitando um adulto.', 0.071, 1, 3),
(5, 'Coloca um objeto em um recipiente quando recebe instruções.', 0.071, 1, 3),
(6, 'Balança um brinquedo que produz som, pendurado em um barbante.', 0.071, 1, 3),
(7, 'Coloca três objetos em um recipiente e o esvazia.', 0.071, 1, 3),
(8, 'Transfere um objeto de uma mão à outra para apanhar outro objeto.', 0.071, 1, 3),
(9, 'Deixa cair e apanha um brinquedo.', 0.071, 1, 3),
(10, 'Descobre um objeto escondido sob um recipiente.', 0.071, 1, 3),
(11, 'Empurra 3 blocos como se fosse um comboio.', 0.071, 1, 3),
(12, 'Remove um círculo de uma prancha, por imitação.', 0.071, 1, 3),
(13, 'Coloca um pino redondo em uma prancha de pinos, quando solicitado.', 0.071, 1, 3),
(14, 'Executa gestos simples quando requisitado.', 0.071, 1, 3),
(15, 'Retira 6 objetos de um recipiente, um por vez.', 0.100, 2, 3),
(16, 'Aponta para uma parte do corpo.', 0.100, 2, 3),
(17, 'Empilha 3 blocos, dada a ordem.', 0.100, 2, 3),
(18, 'Emparelha objetos semelhantes.', 0.100, 2, 3),
(19, 'Faz rabiscos no papel.', 0.100, 2, 3),
(20, 'Aponta para si quando perguntam "Cadê o Fulano?"', 0.100, 2, 3),
(21, 'Coloca 5 pinos redondos, dada a ordem.', 0.100, 2, 3),
(22, 'Emparelha objetos com a figura do mesmo nome.', 0.100, 2, 3),
(23, 'Aponta para a figura nomeada.', 0.100, 2, 3),
(24, 'Vira as páginas de um livro (2/3 por vez) para encontrar a figura nomeada.', 0.100, 2, 3),
(25, 'Encontra determinado livro quando solicitado.', 0.063, 3, 3),
(26, 'Completa um quebra-cabeça de encaixe de 3 peças.', 0.063, 3, 3),
(27, 'Nomeia 4 objetos comuns em figuras.', 0.063, 3, 3),
(28, 'Desenha uma linha vertical imitando um adulto.', 0.063, 3, 3),
(29, 'Desenha uma linha horizontal imitando um adulto.', 0.063, 3, 3),
(30, 'Copia um círculo.', 0.063, 3, 3),
(31, 'Emparelha objetos com a mesma textura.', 0.063, 3, 3),
(32, 'Aponta o "pequeno" e o "grande" quando solicitado.', 0.063, 3, 3),
(33, 'Desenha (+) imitando um adulto.', 0.063, 3, 3),
(34, 'Emparelha 3 cores.', 0.063, 3, 3),
(35, 'Coloca objetos dentro, em cima e em baixo de um recipiente, dada a ordem.', 0.063, 3, 3),
(36, 'Nomeia objetos quando ouve o barulho que fazem.', 0.063, 3, 3),
(37, 'Monta um brinquedo de encaixe de 4 peças.', 0.063, 3, 3),
(38, 'Nomeia ações em figuras ("O que ... está fazendo?").', 0.063, 3, 3),
(39, 'Emparelha forma geométrica com a figura da mesma.', 0.063, 3, 3),
(40, 'Empilha 5 ou mais argolas em uma vara na ordem.', 0.063, 3, 3),
(41, 'Nomeia objetos como sendo grandes ou pequenos.', 0.042, 4, 3),
(42, 'Aponta para 10 partes do corpo quando requisitado.', 0.042, 4, 3),
(43, 'Aponta para menino e menina, dada a ordem.', 0.042, 4, 3),
(44, 'Diz se um objeto é pesado ou leve.', 0.042, 4, 3),
(45, 'Une 2 partes de uma figura para formar o todo.', 0.042, 4, 3),
(46, 'Descreve 2 eventos ou personagens de uma estória familiar ou programa de TV.', 0.042, 4, 3),
(47, 'Repete brincadeiras (rimas ou canções) que envolvam movimentos coordenados.', 0.042, 4, 3),
(48, 'Emparelha 3 ou mais objetos.', 0.042, 4, 3),
(49, 'Aponta para objetos compridos ou curtos.', 0.042, 4, 3),
(50, 'Associa objetos correspondentes. Ex: meia/sapato.', 0.042, 4, 3),
(51, 'Conta até 3 imitando um adulto.', 0.042, 4, 3),
(52, 'Agrupa objetos em categorias.', 0.042, 4, 3),
(53, 'Traça um (V) em imitação.', 0.042, 4, 3),
(54, 'Traça uma linha diagonal dado o exemplo.', 0.042, 4, 3),
(55, 'Conta até 10 objetos, imitando um adulto.', 0.042, 4, 3),
(56, 'Constrói uma ponte com 3 blocos por imitação.', 0.042, 4, 3),
(57, 'Emparelha uma sequência ou padrão (tamanho, cor) de blocos ou contas.', 0.042, 4, 3),
(58, 'Copia uma série de (V) interligados.', 0.042, 4, 3),
(59, 'Acrescenta perna ou braço em um desenho incompleto da figura humana.', 0.042, 4, 3),
(60, 'Completa um quebra-cabeças de 6 peças.', 0.042, 4, 3),
(61, 'Indica se os objetos são iguais ou diferentes.', 0.042, 4, 3),
(62, 'Desenha um quadrado imitando um adulto.', 0.042, 4, 3),
(63, 'Nomeia 3 cores sendo requisitado.', 0.042, 4, 3),
(64, 'Nomeia 3 formas geométricas (quadrado, triângulo e círculo).', 0.042, 4, 3),
(65, 'Apanha de 1 a 5 objetos quando solicitado.', 0.045, 5, 3),
(66, 'Nomeia 5 texturas diferentes.', 0.045, 5, 3),
(67, 'Copia um triângulo ao ser requisitado.', 0.045, 5, 3),
(68, 'Recorda-se de 4 objetos que haviam sido vistos em uma figura.', 0.045, 5, 3),
(69, 'Diz o momento do dia associado a cada atividade.', 0.045, 5, 3),
(70, 'Repete rimas familiares.', 0.045, 5, 3),
(71, 'Diz se um objeto é mais pesado ou mais leve.', 0.045, 5, 3),
(72, 'Diz o que está faltando quando um objeto é retirado de um grupo de 3.', 0.045, 5, 3),
(73, 'Nomeia 8 cores.', 0.045, 5, 3),
(74, 'Identifica o valor de 3 moedas.', 0.045, 5, 3),
(75, 'Emparelha símbolos (letras e números).', 0.045, 5, 3),
(76, 'Diz a cor de objetos nomeados.', 0.045, 5, 3),
(77, 'Relata 5 principais fatos de uma história contada 3x.', 0.045, 5, 3),
(78, 'Desenha figura humana (cabeça, tronco e 4 membros).', 0.045, 5, 3),
(79, 'Canta 5 estrofes de uma canção.', 0.045, 5, 3),
(80, 'Constrói uma pirâmide de 10 blocos por imitação.', 0.045, 5, 3),
(81, 'Nomeia objetos como sendo compridos ou curtos.', 0.045, 5, 3),
(82, 'Coloca objetos "atrás", "ao lado" ou "junto" a outros.', 0.045, 5, 3),
(83, 'Faz conjuntos iguais de 10 objetos, segundo modelo.', 0.045, 5, 3),
(84, 'Nomeia ou aponta para a parte ausente da figura.', 0.045, 5, 3),
(85, 'Conta de 1 a 20.', 0.045, 5, 3),
(86, 'Identifica o objeto colocado no meio, em primeiro e em último lugar.', 0.045, 5, 3),
(87, 'Conta até 20 objetos e responde: "Quantos ... você contou?".', 0.045, 6, 3),
(88, 'Nomeia 10 numerais.', 0.045, 6, 3),
(89, 'Identifica qual a sua esquerda e qual a sua direita.', 0.045, 6, 3),
(90, 'Diz as vogais em ordem.', 0.045, 6, 3),
(91, 'Escreve seu nome com letras de forma.', 0.045, 6, 3),
(92, 'Nomeia 5 letras do alfabeto.', 0.045, 6, 3),
(93, 'Ordena objetos em sequência de comprimento e largura.', 0.045, 6, 3),
(94, 'Nomeia as letras maiúsculas do alfabeto.', 0.045, 6, 3),
(95, 'Coloca numerais de 1 a 10 na sequência correta.', 0.045, 6, 3),
(96, 'Identifica a posição de objetos em 1o, 2o e 3o lugar.', 0.045, 6, 3),
(97, 'Nomeia as letras minúsculas do alfabeto.', 0.045, 6, 3),
(98, 'Emparelha letras maiúsculas com minúsculas.', 0.045, 6, 3),
(99, 'Aponta para numerais de 1 a 25.', 0.045, 6, 3),
(100, 'Copia um losango.', 0.045, 6, 3),
(101, 'Completa um labirinto simples.', 0.045, 6, 3),
(102, 'Diz os dias da semana na ordem.', 0.045, 6, 3),
(103, 'Soma e subtrai combinações de até 3 elementos.', 0.045, 6, 3),
(104, 'Diz o mês e o dia de seu aniversário.', 0.045, 6, 3),
(105, 'Lê 10 palavras impressas.', 0.045, 6, 3),
(106, 'Prediz o que vai ocorrer.', 0.045, 6, 3),
(107, 'Aponta para objetos inteiros e partidos ao meio.', 0.045, 6, 3),
(108, 'Conta de memória de 1 a 100.', 0.045, 6, 3),
(1, 'Suga e deglute líquidos.', 0.077, 1, 4),
(2, 'Toma mingau / sopinha.', 0.077, 1, 4),
(3, 'Estende as mãos em direção a mamadeira, tentando pegá-la.', 0.077, 1, 4),
(4, 'Come alimentos liquidificados dados pelos pais.', 0.077, 1, 4),
(5, 'Segura a mamadeira sem ajuda enquanto bebe.', 0.077, 1, 4),
(6, 'Leva a mamadeira até a boca ou a recusa, empurrando-a.', 0.077, 1, 4),
(7, 'Come alimentos amassados dados pelos pais.', 0.077, 1, 4),
(8, 'Bebe em uma caneca, segurada pelos pais.', 0.077, 1, 4),
(9, 'Come alimentos semissólidos dados pelos pais.', 0.077, 1, 4),
(10, 'Alimenta-se sozinho usando os dedos.', 0.077, 1, 4),
(11, 'Segura a caneca com ambas as mãos e bebe.', 0.077, 1, 4),
(12, 'Leva a colher cheia de comida até a boca com ajuda.', 0.077, 1, 4),
(13, 'Estica braços e pernas ao ser vestido.', 0.077, 1, 4),
(14, 'Come com colher de modo independente.', 0.083, 2, 4),
(15, 'Segura a caneca com uma só mão e bebe.', 0.083, 2, 4),
(16, 'Coloca a mão na água e dá tapinhas no rosto imitando alguém.', 0.083, 2, 4),
(17, 'Senta-se em um piniquinho ou sanitário infantil por 5 min.', 0.083, 2, 4),
(18, 'Coloca um chapéu na cabeça e o remove.', 0.083, 2, 4),
(19, 'Tira as meias.', 0.083, 2, 4),
(20, 'Empurra os braços pelas mangas e os pés pelas pernas da calça.', 0.083, 2, 4),
(21, 'Tira os sapatos quando os cordões estiverem desamarrados.', 0.083, 2, 4),
(22, 'Tira o casaco quando desabotoado.', 0.083, 2, 4),
(23, 'Tira a calça quando desabotoada.', 0.083, 2, 4),
(24, 'Puxa um fecho grande para cima e para baixo.', 0.083, 2, 4),
(25, 'Utiliza palavras ou gestos indicando necessidade de ir ao banheiro.', 0.083, 2, 4),
(26, 'Alimenta-se sozinho derrubando pouco de comida ou líquido.', 0.037, 3, 4),
(27, 'Enxuga as mãos e o rosto com ajuda.', 0.037, 3, 4),
(28, 'Suga líquido do copo ou caneca usando canudinho.', 0.037, 3, 4),
(29, 'Dá garfadas.', 0.037, 3, 4),
(30, 'Mastiga e engole apenas substâncias comestíveis.', 0.037, 3, 4),
(31, 'Enxuga as mãos sem ajuda ao lhe darem uma toalha.', 0.037, 3, 4),
(32, 'Avisa que quer ir ao banheiro, mesmo sendo tarde demais.', 0.037, 3, 4),
(33, 'Controla sua baba.', 0.037, 3, 4),
(34, 'Urina ou defeca quando colocado no piniquinho (3x por semana).', 0.037, 3, 4),
(35, 'Calça os sapatos.', 0.037, 3, 4),
(36, 'Escova os dentes imitando um adulto.', 0.037, 3, 4),
(37, 'Retira roupas simples que foram desabotoadas.', 0.037, 3, 4),
(38, 'Usa o banheiro para defecar (falha apenas 1x por semana).', 0.037, 3, 4),
(39, 'Obtém água de uma torneira sem ajuda.', 0.037, 3, 4),
(40, 'Lava as mãos e o rosto com um sabonete.', 0.037, 3, 4),
(41, 'Avisa que quer ir ao banheiro durante o dia a tempo.', 0.037, 3, 4),
(42, 'Pendura o casaco em um gancho da sua altura.', 0.037, 3, 4),
(43, 'Permanece seco ao dormir durante o dia.', 0.037, 3, 4),
(44, 'Evita riscos, por ex: pontas em móveis e escadas sem corrimão.', 0.037, 3, 4),
(45, 'Usa guardanapo quando recomendado.', 0.037, 3, 4),
(46, 'Espeta o garfo na comida, levando-a a boca.', 0.037, 3, 4),
(47, 'Despeja líquido de uma pequena jarra para o copo sem ajuda.', 0.037, 3, 4),
(48, 'Desprende roupas presas com o feixe de pressão.', 0.037, 3, 4),
(49, 'Lava seus braços e pernas ao lhe darem banho.', 0.037, 3, 4),
(50, 'Coloca meias.', 0.037, 3, 4),
(51, 'Veste casaco, malha ou camisa.', 0.037, 3, 4),
(52, 'Identifica a parte dianteira da roupa.', 0.037, 3, 4),
(53, 'Alimenta-se sozinho por toda a refeição.', 0.067, 4, 4),
(54, 'Veste-se só, precisando de ajuda em golas fechadas ou botões.', 0.067, 4, 4),
(55, 'Enxuga o nariz quando lembrado.', 0.067, 4, 4),
(56, 'Acorda seco 2 manhãs por semana.', 0.067, 4, 4),
(57, 'Se menino, urina no sanitário, em pé.', 0.067, 4, 4),
(58, 'Veste-se e despe-se sozinho (exceto botões) 75% das vezes.', 0.067, 4, 4),
(59, 'Fecha a roupa com fechos de pressão ou de gancho.', 0.067, 4, 4),
(60, 'Assoa o nariz quando lembrado.', 0.067, 4, 4),
(61, 'Evita perigos corriqueiros, por ex: caco de vidro.', 0.067, 4, 4),
(62, 'Pendura roupa no cabide e põe no armário quando pedem.', 0.067, 4, 4),
(63, 'Escova os dentes quando recebe instrução.', 0.067, 4, 4),
(64, 'Coloca luvas.', 0.067, 4, 4),
(65, 'Desabotoa botões grandes.', 0.067, 4, 4),
(66, 'Abotoa botões grandes.', 0.067, 4, 4),
(67, 'Calça botas.', 0.067, 4, 4),
(68, 'Limpa o que derramou por conta própria.', 0.043, 5, 4),
(69, 'Evita veneno e todas as substâncias prejudiciais.', 0.043, 5, 4),
(70, 'Desabotoa sua roupa.', 0.043, 5, 4),
(71, 'Abotoa sua roupa.', 0.043, 5, 4),
(72, 'Retira prato e talheres da mesa.', 0.043, 5, 4),
(73, 'Encaixa fecho em sua terminação.', 0.043, 5, 4),
(74, 'Lava as mãos e o rosto.', 0.043, 5, 4),
(75, 'Usa talher apropriado para alimentar-se.', 0.043, 5, 4),
(76, 'Acorda de noite para ir ao banheiro, ou acorda seco.', 0.043, 5, 4),
(77, 'Limpa e assoa o nariz em 75% das vezes sem ser lembrado.', 0.043, 5, 4),
(78, 'Toma banho só (precisa ajuda para costas, pescoço e orelhas).', 0.043, 5, 4),
(79, 'Usa faca para espalhar manteiga no pão.', 0.043, 5, 4),
(80, 'Aperta e afrouxa cintos ou fivelas.', 0.043, 5, 4),
(81, 'Veste-se sozinho, mas não dá laços.', 0.043, 5, 4),
(82, 'Serve-se à mesa enquanto seguram a travessa de comida.', 0.043, 5, 4),
(83, 'Ajuda a pôr a mesa corretamente quando recebe instruções.', 0.043, 5, 4),
(84, 'Escova os dentes.', 0.043, 5, 4),
(85, 'Usa banheiro sozinho (tira roupa, papel, descarga e veste-se).', 0.043, 5, 4),
(86, 'Penteia ou escova cabelos.', 0.043, 5, 4),
(87, 'Pendura roupas em cabides.', 0.043, 5, 4),
(88, 'Anda pela vizinhança sem constante supervisão.', 0.043, 5, 4),
(89, 'Enfia cordões em sapatos.', 0.043, 5, 4),
(90, 'Amarra ou dá laços nos cordões dos sapatos.', 0.043, 5, 4),
(91, 'É responsável por uma tarefa semanal e a executa ao ser lembrado.', 0.067, 6, 4),
(92, 'Seleciona roupas apropriadas ao clima e ocasião.', 0.067, 6, 4),
(93, 'Olha para ambos os lados e atravessa a rua sem ser lembrado.', 0.067, 6, 4),
(94, 'Serve-se à mesa e passa aos demais a panela de comida.', 0.067, 6, 4),
(95, 'Prepara sua própria caneca de café com leite.', 0.067, 6, 4),
(96, 'É responsável por uma tarefa diária em casa.', 0.067, 6, 4),
(97, 'Ajusta a temperatura da água para o banho.', 0.067, 6, 4),
(98, 'Prepara seu próprio lanche.', 0.067, 6, 4),
(99, 'Anda sozinho até a distância de 2 quadras de casa.', 0.067, 6, 4),
(100, 'Corta alimentos tenros com faca.', 0.067, 6, 4),
(101, 'Encontra o banheiro em local público, corretamente.', 0.067, 6, 4),
(102, 'Abre a embalagem de leite.', 0.067, 6, 4),
(103, 'Apanha uma bandeja com comida, levando-a e pondo sobre a mesa.', 0.067, 6, 4),
(104, 'Amarra os cordões em casacos com capuz.', 0.067, 6, 4),
(105, 'Aperta o cinto de segurança do automóvel.', 0.067, 6, 4),
(1, 'Alcança um objeto colocado à sua frente (15 a 20 cm.).', 0.022, 1, 5),
(2, 'Apanha um objeto colocado à sua frente (8 cm.).', 0.022, 1, 5),
(3, 'Estende os braços em direção a um objeto à sua frente e o apanha.', 0.022, 1, 5),
(4, 'Alcança um objeto preferido.', 0.022, 1, 5),
(5, 'Coloca objetos na boca.', 0.022, 1, 5),
(6, 'Eleva a cabeça e o tronco apoiando-se nos braços (de bruços).', 0.022, 1, 5),
(7, 'Levanta a cabeça e o tronco apoiando-se em um só braço.', 0.022, 1, 5),
(8, 'Toca e explora objetos com a boca.', 0.022, 1, 5),
(9, 'Em decúbito ventral (bruços), vira de lado e mantém a posição.', 0.022, 1, 5),
(10, 'Em decúbito ventral, vira de costas.', 0.022, 1, 5),
(11, 'Em decúbito ventral, move-se para frente o equivalente à sua altura.', 0.022, 1, 5),
(12, 'Em decúbito dorsal (costas), rola para o lado.', 0.022, 1, 5),
(13, 'Em decúbito dorsal, vira de barriga para baixo.', 0.022, 1, 5),
(14, 'Faz esforço para sentar-se, segurando nos dedos do adulto.', 0.022, 1, 5),
(15, 'Vira a cabeça com facilidade quando o corpo está apoiado.', 0.022, 1, 5),
(16, 'Mantém-se sentado por 2 minutos.', 0.022, 1, 5),
(17, 'Solta um objeto para apanhar outro.', 0.022, 1, 5),
(18, 'Apanha e deixa cair um objeto propositalmente.', 0.022, 1, 5),
(19, 'Fica em pé com o máximo de apoio.', 0.022, 1, 5),
(20, 'Estando em pé com apoio, pula para cima e para baixo.', 0.022, 1, 5),
(21, 'Engatinha para apanhar um objeto.', 0.022, 1, 5),
(22, 'Senta-se apoiando-se sozinho.', 0.022, 1, 5),
(23, 'Estando sentado, vira de gatinhas.', 0.022, 1, 5),
(24, 'Estando em decúbito ventral consegue sentar-se.', 0.022, 1, 5),
(25, 'Senta-se sem o apoio das mãos.', 0.022, 1, 5),
(26, 'Atira objetos ao acaso.', 0.022, 1, 5),
(27, 'Balança para frente e para trás quando de gatinhas.', 0.022, 1, 5),
(28, 'Transfere objetos de uma mão para outra quando sentado.', 0.022, 1, 5),
(29, 'Retém em uma das mãos 2 cubos de 2,5 cm.', 0.022, 1, 5),
(30, 'Fica de joelhos.', 0.022, 1, 5),
(31, 'Fica em pé, apoiando-se em algo.', 0.022, 1, 5),
(32, 'Usa preensão de pinça para pegar objetos.', 0.022, 1, 5),
(33, 'Engatinha.', 0.022, 1, 5),
(34, 'Estando de gatinhas, estende uma das mãos para o alto.', 0.022, 1, 5),
(35, 'Fica em pé com o mínimo de apoio.', 0.022, 1, 5),
(36, 'Lambe a comida ao redor da boca.', 0.022, 1, 5),
(37, 'Mantém-se em pé sozinho por um minuto.', 0.022, 1, 5),
(38, 'Derruba um objeto que está dentro de um recipiente.', 0.022, 1, 5),
(39, 'Vira várias páginas de um livro ao mesmo tempo.', 0.022, 1, 5),
(40, 'Escava com uma colher ou pá.', 0.022, 1, 5),
(41, 'Coloca pequenos objetos dentro do recipiente.', 0.022, 1, 5),
(42, 'Estando de pé, abaixa-se e senta.', 0.022, 1, 5),
(43, 'Bate palmas.', 0.022, 1, 5),
(44, 'Anda com um mínimo de apoio.', 0.022, 1, 5),
(45, 'Dá alguns passos sem apoio.', 0.022, 1, 5),
(46, 'Sobe escadas engatinhando.', 0.056, 2, 5),
(47, 'Coloca-se em pé, estando sentado.', 0.056, 2, 5),
(48, 'Rola uma bola imitando um adulto.', 0.056, 2, 5),
(49, 'Sobe em uma cadeira de adulto, vira-se e senta.', 0.056, 2, 5),
(50, 'Coloca 4 aros em uma pequena estaca.', 0.056, 2, 5),
(51, 'Retira pinos de 2,5 cm de uma prancha ou tabuleiro.', 0.056, 2, 5),
(52, 'Encaixa pinos de 2,5 cm em uma prancha de encaixe.', 0.056, 2, 5),
(53, 'Constrói uma torre de 3 blocos.', 0.056, 2, 5),
(54, 'Faz traços no papel com lápis ou lápis de cera.', 0.056, 2, 5),
(55, 'Anda sozinho.', 0.056, 2, 5),
(56, 'Desce escadas sentado, colocando primeiro os pés.', 0.056, 2, 5),
(57, 'Senta-se em uma cadeirinha.', 0.056, 2, 5),
(58, 'Agacha-se e volta a ficar em pé.', 0.056, 2, 5),
(59, 'Empurra e puxa brinquedos ao andar.', 0.056, 2, 5),
(60, 'Usa cadeira ou cavalo de balanço.', 0.056, 2, 5),
(61, 'Sobe escadas com ajuda.', 0.056, 2, 5),
(62, 'Dobra o corpo sem cair para apanhar objetos no chão.', 0.056, 2, 5),
(63, 'Imita um movimento circular.', 0.056, 2, 5),
(64, 'Enfia 4 contas grandes em um cordão em 2 minutos.', 0.059, 3, 5),
(65, 'Vira trincos ou maçanetas em portas.', 0.059, 3, 5),
(66, 'Salta no mesmo local com ambos os pés.', 0.059, 3, 5),
(67, 'Anda de costas.', 0.059, 3, 5),
(68, 'Desce escadas sem ajuda.', 0.059, 3, 5),
(69, 'Atira uma bola a um adulto à 1/2 distância.', 0.059, 3, 5),
(70, 'Constrói uma torre de 5 a 6 blocos.', 0.059, 3, 5),
(71, 'Vira páginas de um livro, uma por vez.', 0.059, 3, 5),
(72, 'Desembrulha um pequeno objeto.', 0.059, 3, 5),
(73, 'Dobra um papel ao meio, imitando um adulto.', 0.059, 3, 5),
(74, 'Desmancha e reconstrói brinquedos de encaixe por pressão.', 0.059, 3, 5),
(75, 'Desenrosca brinquedos que se encaixam por roscas.', 0.059, 3, 5),
(76, 'Chuta uma bola grande que está imóvel.', 0.059, 3, 5),
(77, 'Faz bolas de argila, barro ou massinha.', 0.059, 3, 5),
(78, 'Segura o lápis entre o polegar e o indicador.', 0.059, 3, 5),
(79, 'Dá cambalhota para frente com ajuda.', 0.059, 3, 5),
(80, 'Dá marteladas para encaixar 5 pinos em seus orifícios.', 0.059, 3, 5),
(81, 'Faz um quebra cabeça de 3 peças.', 0.067, 4, 5),
(82, 'Corta algo em pedaços com tesoura.', 0.067, 4, 5),
(83, 'Pula de uma altura de 20 cm.', 0.067, 4, 5),
(84, 'Chuta uma bola grande quando enviada para si.', 0.067, 4, 5),
(85, 'Anda na ponta dos pés.', 0.067, 4, 5),
(86, 'Corre 10 passos coordenando movimentos de braços e pés.', 0.067, 4, 5),
(87, 'Pedala com triciclo a distância de 1 metro e 12.', 0.067, 4, 5),
(88, 'Balança em um balanço quando este está em movimento.', 0.067, 4, 5),
(89, 'Sobe em um escorregador (1,20m a 1,80m) e escorrega.', 0.067, 4, 5),
(90, 'Dá cambalhotas para frente.', 0.067, 4, 5),
(91, 'Sobe escadas alternando os pés.', 0.067, 4, 5),
(92, 'Marcha (anda de forma ritmada).', 0.067, 4, 5),
(93, 'Apara a bola com ambas as mãos.', 0.067, 4, 5),
(94, 'Desenha figuras seguindo contornos ou pontilhados.', 0.067, 4, 5),
(95, 'Recorta ao longo de uma linha reta 20 cm.', 0.067, 4, 5),
(96, 'Fica em um só pé sem apoio por 4 a 8 segundos.', 0.063, 5, 5),
(97, 'Muda de direção ao correr.', 0.063, 5, 5),
(98, 'Anda sobre uma viga ou tábua, mantendo o equilíbrio.', 0.063, 5, 5),
(99, 'Pula para frente 10 vezes sem cair.', 0.063, 5, 5),
(100, 'Salta sobre uma corda suspensa a 5 cm do solo.', 0.063, 5, 5),
(101, 'Pula de costas 6 vezes.', 0.063, 5, 5),
(102, 'Rebate e apanha uma bola grande.', 0.063, 5, 5),
(103, 'Une 2 a 3 pedaços de massa de modelar.', 0.063, 5, 5),
(104, 'Recorta em torno de linhas curvas.', 0.063, 5, 5),
(105, 'Encaixa objetos de rosca.', 0.063, 5, 5),
(106, 'Desce escadas alternando os pés.', 0.063, 5, 5),
(107, 'Pedala um triciclo fazendo curvas.', 0.063, 5, 5),
(108, 'Salta em um só pé 5 vezes consecutivas.', 0.063, 5, 5),
(109, 'Recorta um círculo em 5 cm.', 0.063, 5, 5),
(110, 'Desenha figuras simples facilmente identificáveis.', 0.063, 5, 5),
(111, 'Recorta e cola formas simples.', 0.063, 5, 5),
(112, 'Escreve letras de imprensa maiúsculas, isoladas e grandes.', 0.034, 6, 5),
(113, 'Anda sobre uma tábua para trás, frente e lados.', 0.034, 6, 5),
(114, 'Caminha saltitando.', 0.034, 6, 5),
(115, 'Balança em um balanço iniciando e mantendo o movimento.', 0.034, 6, 5),
(116, 'Estica os dedos tocando o polegar em cada um deles.', 0.034, 6, 5),
(117, 'Copia letras maiúsculas.', 0.034, 6, 5),
(118, 'Sobe em escadas de mão ou de escorregador de 3 m.', 0.034, 6, 5),
(119, 'Bate em um prego com martelo.', 0.034, 6, 5),
(120, 'Rebate a bola à medida que anda com direção.', 0.034, 6, 5),
(121, 'Consegue colorir sem sair da margem em 95% das vezes.', 0.034, 6, 5),
(122, 'Recorta figuras sem sair mais que 6 mm da margem.', 0.034, 6, 5),
(123, 'Usa apontador de lápis.', 0.034, 6, 5),
(124, 'Copia desenhos complexos (escola, navio).', 0.034, 6, 5),
(125, 'Rasga figuras simples de um papel.', 0.034, 6, 5),
(126, 'Dobra um papel quadrado 2x em diagonal por imitação.', 0.034, 6, 5),
(127, 'Apanha uma bola leve com uma só mão.', 0.034, 6, 5),
(128, 'Pula corda sozinho.', 0.034, 6, 5),
(129, 'Golpeia uma bola com um bastão ou pedaço de pau.', 0.034, 6, 5),
(130, 'Apanha um objeto no chão enquanto corre.', 0.034, 6, 5),
(131, 'Patina uma distância de 3 m, ou usa skate.', 0.034, 6, 5),
(132, 'Anda de bicicleta.', 0.034, 6, 5),
(133, 'Escorrega descendo um monte de areia ou terra.', 0.034, 6, 5),
(134, 'Anda ou brinca em piscina tendo água até a cintura.', 0.034, 6, 5),
(135, 'Conduz um patinete dando impulso com um só pé.', 0.034, 6, 5),
(136, 'Salta e gira em um só pé.', 0.034, 6, 5),
(137, 'Escreve seu nome com letras de forma em caderno pautado.', 0.034, 6, 5),
(138, 'Salta de uma altura de 30 cm. e cai na ponta dos pés.', 0.034, 6, 5),
(139, 'Pára em um só pé sem apoio (olhos fechados, 10 segundos).', 0.034, 6, 5),
(140, 'Dependura-se por 10 segundos em uma barra horizontal.', 0.034, 6, 5);


select * from tb_atividade_personalizada;
select * from tb_paciente;

INSERT INTO tb_atividade (id_paciente, id_atividade_personalizada, id_atividade_portage) VALUES
(1, 1, null),
(1, 2, null),
(1, 3, null),
(2, 4, null),
(2, 5, null),
(1, null, 1),
(1, null, 2),
(1, null, 3),
(2, null, 2),
(2, null, 4);


INSERT INTO tb_tipo_aplicacao (alternativa) VALUES
('Independente'),
('Auxílio parcial'),
('Auxílio total');


INSERT INTO tb_tentativa (resultado, observacao, data_tentativa, id_tipo_aplicacao, id_atividade) VALUES
(TRUE, 'Realizou a atividade com auxílio mínimo', curdate(), 1, 1),
(FALSE, 'Não conseguiu completar mesmo com apoio', curdate(), 2, 2),
(TRUE, 'Executou parcialmente a tarefa solicitada', curdate(), 3, 3),
(TRUE, 'Concluiu a atividade de forma independente', curdate(), 1, 4),
(FALSE, 'Demonstrou dificuldade de compreensão da tarefa', curdate(), 2, 5);

INSERT INTO tb_formulario (id_paciente, id_atividade_portage, id_resposta)
SELECT 1, id, NULL 
FROM tb_atividade_portage 
ORDER BY id ASC;

INSERT INTO tb_formulario (id_paciente, id_atividade_portage, id_resposta)
SELECT 2, id, NULL 
FROM tb_atividade_portage 
ORDER BY id ASC;

INSERT INTO tb_formulario (id_paciente, id_atividade_portage, id_resposta)
SELECT 3, id, NULL 
FROM tb_atividade_portage 
ORDER BY id ASC;

INSERT INTO tb_formulario (id_paciente, id_atividade_portage, id_resposta)
SELECT 4, id, NULL 
FROM tb_atividade_portage 
ORDER BY id ASC;

INSERT INTO tb_formulario (id_paciente, id_atividade_portage, id_resposta)
SELECT 5, id, NULL 
FROM tb_atividade_portage 
ORDER BY id ASC;
